epoch,train_acc,val_acc,train_loss,val_loss
0,23.979999542236328,21.520000457763672,0.6926502585411072,1.389925479888916
1,25.31999969482422,21.079999923706055,0.6919685006141663,1.3898143768310547
