epoch,train_acc,val_acc,train_loss,val_loss
0,24.439998626708984,24.279998779296875,0.6942623853683472,1.3859446048736572
1,25.18000030517578,24.279998779296875,0.6936550140380859,1.385864019393921
